subject,stim_name,genre,piece,ensemble,theme,spatial,target,instruments,n_instruments,response_shape,soli_shape,stimulus_shape,fs_eeg,fs_audio,target_idx,pred_instr,correct,attended_r,best_nontarget_r,margin_r
0001,classique_morceau1_duo_CoFl_theme1_stereo_Co,classique,morceau1,duo,theme1,stereo,Co,"['Co', 'Fl']",2,"(20, 7172)","(3, 1235312)","(2, 1235312)",256,44100,0,Fl,False,0.01814904094086383,0.03725566044211836,-0.01910661950125453
0001,classique_morceau1_duo_CoFl_theme1_stereo_Fl,classique,morceau1,duo,theme1,stereo,Fl,"['Co', 'Fl']",2,"(20, 7172)","(3, 1235312)","(2, 1235312)",256,44100,1,Co,False,-0.01993177312403838,0.02720729070732021,-0.04713906383135859
0001,classique_morceau1_duo_CoOb_theme1_stereo_Co,classique,morceau1,duo,theme1,stereo,Co,"['Co', 'Ob']",2,"(20, 7172)","(3, 1235312)","(2, 1235312)",256,44100,0,Ob,False,0.02595545089159647,0.02939279815653339,-0.00343734726493692
0001,classique_morceau1_duo_CoOb_theme2_stereo_Ob,classique,morceau1,duo,theme2,stereo,Ob,"['Co', 'Ob']",2,"(20, 6148)","(3, 1058916)","(2, 1058916)",256,44100,1,Co,False,0.008799025302246263,0.029206869472478105,-0.020407844170231844
0001,classique_morceau1_duo_FlOb_theme1_stereo_Fl,classique,morceau1,duo,theme1,stereo,Fl,"['Fl', 'Ob']",2,"(20, 7172)","(3, 1235312)","(2, 1235312)",256,44100,0,Ob,False,-0.01005682913917798,-0.00034386256636719306,-0.009712966572810787
0001,classique_morceau1_duo_FlOb_theme2_stereo_Ob,classique,morceau1,duo,theme2,stereo,Ob,"['Fl', 'Ob']",2,"(20, 6148)","(3, 1058916)","(2, 1058916)",256,44100,1,Ob,True,0.04837460460943419,0.04207659320699602,0.006298011402438172
0001,classique_morceau1_trio_CoFlOb_theme1_stereo_Co,classique,morceau1,trio,theme1,stereo,Co,"['Co', 'Fl', 'Ob']",3,"(20, 7172)","(3, 1235312)","(2, 1235312)",256,44100,0,Co,True,-0.014602592040668943,-0.017256166439509234,0.002653574398840291
0001,classique_morceau1_trio_CoFlOb_theme1_stereo_Ob,classique,morceau1,trio,theme1,stereo,Ob,"['Co', 'Fl', 'Ob']",3,"(20, 7172)","(3, 1235312)","(2, 1235312)",256,44100,2,Co,False,-0.03696712341786743,0.01093390521705151,-0.04790102863491894
0001,classique_morceau1_trio_CoFlOb_theme2_stereo_Fl,classique,morceau1,trio,theme2,stereo,Fl,"['Co', 'Fl', 'Ob']",3,"(20, 6148)","(3, 1058916)","(2, 1058916)",256,44100,1,Fl,True,0.057331513584839344,0.046845610928791685,0.010485902656047659
0001,classique_morceau2_duo_BoFh_theme1_stereo_Fh,classique,morceau2,duo,theme1,stereo,Fh,"['Bo', 'Fh']",2,"(20, 6148)","(3, 1058916)","(2, 1058916)",256,44100,1,Bo,False,-0.07036166023231498,0.028203834391236315,-0.0985654946235513
0001,classique_morceau2_duo_BoFh_theme2_stereo_Bo,classique,morceau2,duo,theme2,stereo,Bo,"['Bo', 'Fh']",2,"(20, 6148)","(3, 1058916)","(2, 1058916)",256,44100,0,Fh,False,0.0017049287742750732,0.027166323227583278,-0.025461394453308205
0001,classique_morceau2_duo_BoFl_theme1_stereo_Fl,classique,morceau2,duo,theme1,stereo,Fl,"['Bo', 'Fl']",2,"(20, 6148)","(3, 1058916)","(2, 1058916)",256,44100,1,Fl,True,0.02113660401982513,-0.013674436457678138,0.03481104047750327
0001,classique_morceau2_duo_BoFl_theme2_stereo_Bo,classique,morceau2,duo,theme2,stereo,Bo,"['Bo', 'Fl']",2,"(20, 6148)","(3, 1058916)","(2, 1058916)",256,44100,0,Bo,True,0.046900653431061756,0.026833698745333135,0.02006695468572862
0001,classique_morceau2_duo_FhFl_theme2_stereo_Fh,classique,morceau2,duo,theme2,stereo,Fh,"['Fh', 'Fl']",2,"(20, 6148)","(3, 1058916)","(2, 1058916)",256,44100,0,Fh,True,0.037817586200986276,-0.002076526629026731,0.039894112830013005
0001,classique_morceau2_duo_FhFl_theme2_stereo_Fl,classique,morceau2,duo,theme2,stereo,Fl,"['Fh', 'Fl']",2,"(20, 6148)","(3, 1058916)","(2, 1058916)",256,44100,1,Fh,False,-0.009605653879539816,0.007083852236791934,-0.01668950611633175
0001,classique_morceau2_trio_BoFhFl_theme1_stereo_Bo,classique,morceau2,trio,theme1,stereo,Bo,"['Bo', 'Fh', 'Fl']",3,"(20, 6148)","(3, 1058916)","(2, 1058916)",256,44100,0,Fl,False,-0.014389443621466365,-0.0023004891212196187,-0.012088954500246746
0001,classique_morceau2_trio_BoFhFl_theme1_stereo_Fh,classique,morceau2,trio,theme1,stereo,Fh,"['Bo', 'Fh', 'Fl']",3,"(20, 6148)","(3, 1058916)","(2, 1058916)",256,44100,1,Fl,False,-0.0057101100277736115,0.03397626015762042,-0.03968637018539403
0001,classique_morceau2_trio_BoFhFl_theme2_stereo_Fl,classique,morceau2,trio,theme2,stereo,Fl,"['Bo', 'Fh', 'Fl']",3,"(20, 6148)","(3, 1058916)","(2, 1058916)",256,44100,2,Fh,False,0.012339566224176849,0.0439652112032119,-0.031625644979035056
0001,pop_falldead_duo_BsDr_theme1_stereo_Bs,pop,falldead,duo,theme1,stereo,Bs,"['Bs', 'Dr']",2,"(20, 5052)","(3, 870148)","(2, 870148)",256,44100,0,Bs,True,0.06124343019626908,-0.005786837072529097,0.06703026726879818
0001,pop_falldead_duo_BsDr_theme1_stereo_Dr,pop,falldead,duo,theme1,stereo,Dr,"['Bs', 'Dr']",2,"(20, 5052)","(3, 870148)","(2, 870148)",256,44100,1,Dr,True,0.0016332109281387579,-0.01679971201037751,0.018432922938516266
0001,pop_falldead_duo_GtVx_theme1_stereo_Gt,pop,falldead,duo,theme1,stereo,Gt,"['Gt', 'Vx']",2,"(20, 5052)","(3, 870148)","(2, 870148)",256,44100,0,Gt,True,0.11388916916012952,0.03328619967998603,0.08060296948014349
0001,pop_falldead_duo_GtVx_theme1_stereo_Vx,pop,falldead,duo,theme1,stereo,Vx,"['Gt', 'Vx']",2,"(20, 5052)","(3, 870148)","(2, 870148)",256,44100,1,Gt,False,0.029851301502002197,0.0625228741509769,-0.0326715726489747
0001,pop_falldead_trio_BsDrVx_theme1_stereo_Bs,pop,falldead,trio,theme1,stereo,Bs,"['Bs', 'Dr', 'Vx']",3,"(20, 5052)","(3, 870148)","(2, 870148)",256,44100,0,Vx,False,0.04343654811507027,0.04963444347103632,-0.00619789535596605
0001,pop_falldead_trio_GtDrVx_theme1_stereo_Gt,pop,falldead,trio,theme1,stereo,Gt,"['Gt', 'Dr', 'Vx']",3,"(20, 5052)","(3, 870148)","(2, 870148)",256,44100,0,Vx,False,0.04606307751571812,0.0485946112208265,-0.002531533705108377
0001,pop_falldead_trio_GtDrVx_theme1_stereo_Vx,pop,falldead,trio,theme1,stereo,Vx,"['Gt', 'Dr', 'Vx']",3,"(20, 5052)","(3, 870148)","(2, 870148)",256,44100,2,Gt,False,0.007495511837552618,0.012636181401143537,-0.005140669563590918
0001,pop_mixtape_duo_BsDr_theme1_stereo_Bs,pop,mixtape,duo,theme1,stereo,Bs,"['Bs', 'Dr']",2,"(20, 5124)","(3, 882516)","(2, 882516)",256,44100,0,Bs,True,0.020571145582938575,0.0031235309143009798,0.017447614668637597
0001,pop_mixtape_duo_BsDr_theme2_stereo_Dr,pop,mixtape,duo,theme2,stereo,Dr,"['Bs', 'Dr']",2,"(20, 6148)","(3, 1058916)","(2, 1058916)",256,44100,1,Bs,False,0.0014425115593828964,0.009114298850287701,-0.007671787290904805
0001,pop_mixtape_duo_GtVx_theme1_stereo_Gt,pop,mixtape,duo,theme1,stereo,Gt,"['Gt', 'Vx']",2,"(20, 5124)","(3, 882516)","(2, 882516)",256,44100,0,Gt,True,0.049790244221189515,0.017540406641288028,0.03224983757990149
0001,pop_mixtape_duo_GtVx_theme1_stereo_Vx,pop,mixtape,duo,theme1,stereo,Vx,"['Gt', 'Vx']",2,"(20, 5124)","(3, 882516)","(2, 882516)",256,44100,1,Gt,False,0.027356637438700548,0.03392326070481313,-0.0065666232661125805
0001,pop_mixtape_trio_BsDrVx_theme2_stereo_Dr,pop,mixtape,trio,theme2,stereo,Dr,"['Bs', 'Dr', 'Vx']",3,"(20, 6148)","(3, 1058916)","(2, 1058916)",256,44100,1,Vx,False,0.017138514767267667,0.03174300830146011,-0.014604493534192443
0001,pop_mixtape_trio_GtDrVx_theme1_stereo_Vx,pop,mixtape,trio,theme1,stereo,Vx,"['Gt', 'Dr', 'Vx']",3,"(20, 5124)","(3, 882516)","(2, 882516)",256,44100,2,Vx,True,0.056366604276781605,0.043329213073752794,0.013037391203028811
0001,pop_mixtape_trio_GtDrVx_theme2_stereo_Dr,pop,mixtape,trio,theme2,stereo,Dr,"['Gt', 'Dr', 'Vx']",3,"(20, 6148)","(3, 1058916)","(2, 1058916)",256,44100,1,Gt,False,-0.00083559570473608,0.013525090785337299,-0.014360686490073379
0002,classique_morceau1_duo_CoFl_theme1_stereo_Co,classique,morceau1,duo,theme1,stereo,Co,"['Co', 'Fl']",2,"(20, 7172)","(3, 1235312)","(2, 1235312)",256,44100,0,Co,True,0.05508704573307518,0.008520090995805233,0.04656695473726995
0002,classique_morceau1_duo_CoFl_theme2_stereo_Fl,classique,morceau1,duo,theme2,stereo,Fl,"['Co', 'Fl']",2,"(20, 6148)","(3, 1058916)","(2, 1058916)",256,44100,1,Co,False,-0.04246353327803226,-0.033896385452740374,-0.008567147825291888
0002,classique_morceau1_duo_CoOb_theme2_stereo_Co,classique,morceau1,duo,theme2,stereo,Co,"['Co', 'Ob']",2,"(20, 6148)","(3, 1058916)","(2, 1058916)",256,44100,0,Co,True,0.02478526313410219,0.02253684818601683,0.002248414948085361
0002,classique_morceau1_duo_CoOb_theme2_stereo_Ob,classique,morceau1,duo,theme2,stereo,Ob,"['Co', 'Ob']",2,"(20, 6148)","(3, 1058916)","(2, 1058916)",256,44100,1,Ob,True,-0.01727715654308404,-0.04637544718369951,0.029098290640615466
0002,classique_morceau1_duo_FlOb_theme1_stereo_Fl,classique,morceau1,duo,theme1,stereo,Fl,"['Fl', 'Ob']",2,"(20, 7172)","(3, 1235312)","(2, 1235312)",256,44100,0,Fl,True,0.02555702199526384,0.019557209685435836,0.005999812309828004
0002,classique_morceau1_duo_FlOb_theme2_stereo_Ob,classique,morceau1,duo,theme2,stereo,Ob,"['Fl', 'Ob']",2,"(20, 6148)","(3, 1058916)","(2, 1058916)",256,44100,1,Ob,True,0.03090284252133672,0.027230679386733136,0.0036721631346035843
0002,classique_morceau1_trio_CoFlOb_theme1_stereo_Co,classique,morceau1,trio,theme1,stereo,Co,"['Co', 'Fl', 'Ob']",3,"(20, 7172)","(3, 1235312)","(2, 1235312)",256,44100,0,Ob,False,0.01686128830749623,0.03396624514858428,-0.017104956841088054
0002,classique_morceau1_trio_CoFlOb_theme1_stereo_Ob,classique,morceau1,trio,theme1,stereo,Ob,"['Co', 'Fl', 'Ob']",3,"(20, 7172)","(3, 1235312)","(2, 1235312)",256,44100,2,Fl,False,-0.022206628631929386,-0.01256730227928432,-0.009639326352645066
0002,classique_morceau1_trio_CoFlOb_theme2_stereo_Fl,classique,morceau1,trio,theme2,stereo,Fl,"['Co', 'Fl', 'Ob']",3,"(20, 6148)","(3, 1058916)","(2, 1058916)",256,44100,1,Fl,True,0.039773019398121605,0.037649560352714405,0.0021234590454072
0002,classique_morceau2_duo_BoFh_theme2_stereo_Bo,classique,morceau2,duo,theme2,stereo,Bo,"['Bo', 'Fh']",2,"(20, 6148)","(3, 1058916)","(2, 1058916)",256,44100,0,Bo,True,-0.015131375093019267,-0.016596149456176098,0.0014647743631568313
0002,classique_morceau2_duo_BoFh_theme2_stereo_Fh,classique,morceau2,duo,theme2,stereo,Fh,"['Bo', 'Fh']",2,"(20, 6148)","(3, 1058916)","(2, 1058916)",256,44100,1,Bo,False,0.011209402578120085,0.016693769635916494,-0.005484367057796409
0002,classique_morceau2_duo_BoFl_theme2_stereo_Bo,classique,morceau2,duo,theme2,stereo,Bo,"['Bo', 'Fl']",2,"(20, 6148)","(3, 1058916)","(2, 1058916)",256,44100,0,Bo,True,0.025338010152033782,0.02083665200889287,0.004501358143140913
0002,classique_morceau2_duo_BoFl_theme2_stereo_Fl,classique,morceau2,duo,theme2,stereo,Fl,"['Bo', 'Fl']",2,"(20, 6148)","(3, 1058916)","(2, 1058916)",256,44100,1,Bo,False,0.026851652688454724,0.04016024541142379,-0.013308592722969064
0002,classique_morceau2_duo_FhFl_theme1_stereo_Fh,classique,morceau2,duo,theme1,stereo,Fh,"['Fh', 'Fl']",2,"(20, 6148)","(3, 1058916)","(2, 1058916)",256,44100,0,Fh,True,-0.012048987897719523,-0.014009645844667138,0.001960657946947615
0002,classique_morceau2_duo_FhFl_theme1_stereo_Fl,classique,morceau2,duo,theme1,stereo,Fl,"['Fh', 'Fl']",2,"(20, 6148)","(3, 1058916)","(2, 1058916)",256,44100,1,Fh,False,0.0005678321154722214,0.0023443406384940947,-0.0017765085230218732
0002,classique_morceau2_trio_BoFhFl_theme1_stereo_Bo,classique,morceau2,trio,theme1,stereo,Bo,"['Bo', 'Fh', 'Fl']",3,"(20, 6148)","(3, 1058916)","(2, 1058916)",256,44100,0,Fh,False,-0.027627531761722186,0.0413877843164225,-0.06901531607814469
0002,classique_morceau2_trio_BoFhFl_theme1_stereo_Fh,classique,morceau2,trio,theme1,stereo,Fh,"['Bo', 'Fh', 'Fl']",3,"(20, 6148)","(3, 1058916)","(2, 1058916)",256,44100,1,Bo,False,-0.02514565452998992,0.0021745297027160903,-0.02732018423270601
0002,classique_morceau2_trio_BoFhFl_theme1_stereo_Fl,classique,morceau2,trio,theme1,stereo,Fl,"['Bo', 'Fh', 'Fl']",3,"(20, 6148)","(3, 1058916)","(2, 1058916)",256,44100,2,Bo,False,-0.002642529164148763,0.010702926132931856,-0.01334545529708062
0002,pop_falldead_duo_BsDr_theme1_stereo_Bs,pop,falldead,duo,theme1,stereo,Bs,"['Bs', 'Dr']",2,"(20, 5052)","(3, 870148)","(2, 870148)",256,44100,0,Bs,True,0.021860820086240046,-0.04693336581214617,0.0687941858983862
0002,pop_falldead_duo_BsDr_theme1_stereo_Dr,pop,falldead,duo,theme1,stereo,Dr,"['Bs', 'Dr']",2,"(20, 5052)","(3, 870148)","(2, 870148)",256,44100,1,Bs,False,0.00922714938620524,0.01611012506624087,-0.00688297568003563
0002,pop_falldead_duo_GtVx_theme1_stereo_Gt,pop,falldead,duo,theme1,stereo,Gt,"['Gt', 'Vx']",2,"(20, 5052)","(3, 870148)","(2, 870148)",256,44100,0,Gt,True,0.01889927985177133,-0.04075315799798008,0.05965243784975141
0002,pop_falldead_duo_GtVx_theme1_stereo_Vx,pop,falldead,duo,theme1,stereo,Vx,"['Gt', 'Vx']",2,"(20, 5052)","(3, 870148)","(2, 870148)",256,44100,1,Gt,False,-0.00640997920477726,0.02007713700454269,-0.026487116209319952
0002,pop_falldead_trio_BsDrVx_theme1_stereo_Dr,pop,falldead,trio,theme1,stereo,Dr,"['Bs', 'Dr', 'Vx']",3,"(20, 5052)","(3, 870148)","(2, 870148)",256,44100,1,Dr,True,0.043121559964900476,0.024677017446728972,0.018444542518171504
0002,pop_falldead_trio_GtDrVx_theme1_stereo_Dr,pop,falldead,trio,theme1,stereo,Dr,"['Gt', 'Dr', 'Vx']",3,"(20, 5052)","(3, 870148)","(2, 870148)",256,44100,1,Vx,False,0.01593999992673291,0.029821391221583365,-0.013881391294850456
0002,pop_falldead_trio_GtDrVx_theme1_stereo_Vx,pop,falldead,trio,theme1,stereo,Vx,"['Gt', 'Dr', 'Vx']",3,"(20, 5052)","(3, 870148)","(2, 870148)",256,44100,2,Gt,False,-0.023905827995533258,0.05390224621518425,-0.0778080742107175
0002,pop_mixtape_duo_BsDr_theme1_stereo_Bs,pop,mixtape,duo,theme1,stereo,Bs,"['Bs', 'Dr']",2,"(20, 5124)","(3, 882516)","(2, 882516)",256,44100,0,Bs,True,0.012166638675876923,-0.008961048234345237,0.02112768691022216
0002,pop_mixtape_duo_BsDr_theme2_stereo_Dr,pop,mixtape,duo,theme2,stereo,Dr,"['Bs', 'Dr']",2,"(20, 6148)","(3, 1058916)","(2, 1058916)",256,44100,1,Bs,False,0.010157909253359137,0.02105052730514312,-0.010892618051783981
0002,pop_mixtape_duo_GtVx_theme1_stereo_Gt,pop,mixtape,duo,theme1,stereo,Gt,"['Gt', 'Vx']",2,"(20, 5124)","(3, 882516)","(2, 882516)",256,44100,0,Vx,False,-0.03950855455170643,-0.025641417217920515,-0.013867137333785917
0002,pop_mixtape_duo_GtVx_theme2_stereo_Vx,pop,mixtape,duo,theme2,stereo,Vx,"['Gt', 'Vx']",2,"(20, 6148)","(3, 1058916)","(2, 1058916)",256,44100,1,Gt,False,0.00606412758206751,0.015938848859962818,-0.009874721277895307
0002,pop_mixtape_trio_GtDrVx_theme1_stereo_Gt,pop,mixtape,trio,theme1,stereo,Gt,"['Gt', 'Dr', 'Vx']",3,"(20, 5124)","(3, 882516)","(2, 882516)",256,44100,0,Vx,False,0.0005010076774055438,0.03490546684384855,-0.034404459166443004
0002,pop_mixtape_trio_GtDrVx_theme2_stereo_Dr,pop,mixtape,trio,theme2,stereo,Dr,"['Gt', 'Dr', 'Vx']",3,"(20, 6148)","(3, 1058916)","(2, 1058916)",256,44100,1,Gt,False,-0.004187344592490327,0.03402166457909709,-0.03820900917158741
0002,pop_mixtape_trio_GtDrVx_theme2_stereo_Vx,pop,mixtape,trio,theme2,stereo,Vx,"['Gt', 'Dr', 'Vx']",3,"(20, 6148)","(3, 1058916)","(2, 1058916)",256,44100,2,Dr,False,0.026004925118262922,0.035605129707622384,-0.009600204589359462
0003,classique_morceau1_duo_CoFl_theme2_stereo_Co,classique,morceau1,duo,theme2,stereo,Co,"['Co', 'Fl']",2,"(20, 6148)","(3, 1058916)","(2, 1058916)",256,44100,0,Co,True,0.011032683756032233,-0.024564620061245324,0.035597303817277555
0003,classique_morceau1_duo_CoFl_theme2_stereo_Fl,classique,morceau1,duo,theme2,stereo,Fl,"['Co', 'Fl']",2,"(20, 6148)","(3, 1058916)","(2, 1058916)",256,44100,1,Fl,True,0.026636628147902092,0.014638188217000999,0.011998439930901094
0003,classique_morceau1_duo_CoOb_theme1_stereo_Co,classique,morceau1,duo,theme1,stereo,Co,"['Co', 'Ob']",2,"(20, 7172)","(3, 1235312)","(2, 1235312)",256,44100,0,Co,True,0.04197728785819025,0.026237899554179312,0.015739388304010938
0003,classique_morceau1_duo_CoOb_theme2_stereo_Ob,classique,morceau1,duo,theme2,stereo,Ob,"['Co', 'Ob']",2,"(20, 6148)","(3, 1058916)","(2, 1058916)",256,44100,1,Ob,True,-0.01874072671536237,-0.02890366844454953,0.01016294172918716
0003,classique_morceau1_duo_FlOb_theme1_stereo_Fl,classique,morceau1,duo,theme1,stereo,Fl,"['Fl', 'Ob']",2,"(20, 7172)","(3, 1235312)","(2, 1235312)",256,44100,0,Fl,True,0.06891440352186314,0.027033562093049735,0.0418808414288134
0003,classique_morceau1_duo_FlOb_theme2_stereo_Ob,classique,morceau1,duo,theme2,stereo,Ob,"['Fl', 'Ob']",2,"(20, 6148)","(3, 1058916)","(2, 1058916)",256,44100,1,Fl,False,-0.0029518203834236465,0.03443309363870525,-0.0373849140221289
0003,classique_morceau1_trio_CoFlOb_theme1_stereo_Co,classique,morceau1,trio,theme1,stereo,Co,"['Co', 'Fl', 'Ob']",3,"(20, 7172)","(3, 1235312)","(2, 1235312)",256,44100,0,Fl,False,-0.026895958226335823,0.03271497451053892,-0.05961093273687474
0003,classique_morceau1_trio_CoFlOb_theme1_stereo_Ob,classique,morceau1,trio,theme1,stereo,Ob,"['Co', 'Fl', 'Ob']",3,"(20, 7172)","(3, 1235312)","(2, 1235312)",256,44100,2,Co,False,0.014497762240999164,0.01857021918188441,-0.004072456940885245
0003,classique_morceau1_trio_CoFlOb_theme2_stereo_Fl,classique,morceau1,trio,theme2,stereo,Fl,"['Co', 'Fl', 'Ob']",3,"(20, 6148)","(3, 1058916)","(2, 1058916)",256,44100,1,Ob,False,0.06122625293167614,0.07489620933968903,-0.013669956408012891
0003,classique_morceau2_duo_BoFh_theme1_stereo_Fh,classique,morceau2,duo,theme1,stereo,Fh,"['Bo', 'Fh']",2,"(20, 6148)","(3, 1058916)","(2, 1058916)",256,44100,1,Bo,False,-0.020915379491889364,0.011216372331943801,-0.03213175182383317
0003,classique_morceau2_duo_BoFh_theme2_stereo_Bo,classique,morceau2,duo,theme2,stereo,Bo,"['Bo', 'Fh']",2,"(20, 6148)","(3, 1058916)","(2, 1058916)",256,44100,0,Bo,True,0.048192895388090455,-0.012998919269670525,0.06119181465776098
0003,classique_morceau2_duo_BoFl_theme2_stereo_Bo,classique,morceau2,duo,theme2,stereo,Bo,"['Bo', 'Fl']",2,"(20, 6148)","(3, 1058916)","(2, 1058916)",256,44100,0,Bo,True,0.014975121819531796,-0.02120816536702569,0.036183287186557486
0003,classique_morceau2_duo_BoFl_theme2_stereo_Fl,classique,morceau2,duo,theme2,stereo,Fl,"['Bo', 'Fl']",2,"(20, 6148)","(3, 1058916)","(2, 1058916)",256,44100,1,Bo,False,0.01061279034190791,0.011351226509907724,-0.000738436167999814
0003,classique_morceau2_duo_FhFl_theme1_stereo_Fh,classique,morceau2,duo,theme1,stereo,Fh,"['Fh', 'Fl']",2,"(20, 6148)","(3, 1058916)","(2, 1058916)",256,44100,0,Fl,False,-0.024336865338839147,-0.007682883361034349,-0.016653981977804797
0003,classique_morceau2_duo_FhFl_theme1_stereo_Fl,classique,morceau2,duo,theme1,stereo,Fl,"['Fh', 'Fl']",2,"(20, 6148)","(3, 1058916)","(2, 1058916)",256,44100,1,Fl,True,0.009899009207135974,-0.05121566673622157,0.061114675943357545
0003,classique_morceau2_trio_BoFhFl_theme2_stereo_Bo,classique,morceau2,trio,theme2,stereo,Bo,"['Bo', 'Fh', 'Fl']",3,"(20, 6148)","(3, 1058916)","(2, 1058916)",256,44100,0,Bo,True,-0.011948479917043224,-0.02834397299604126,0.016395493078998034
0003,classique_morceau2_trio_BoFhFl_theme2_stereo_Fh,classique,morceau2,trio,theme2,stereo,Fh,"['Bo', 'Fh', 'Fl']",3,"(20, 6148)","(3, 1058916)","(2, 1058916)",256,44100,1,Fl,False,-0.04055973282152387,0.057065510593477274,-0.09762524341500114
0003,classique_morceau2_trio_BoFhFl_theme2_stereo_Fl,classique,morceau2,trio,theme2,stereo,Fl,"['Bo', 'Fh', 'Fl']",3,"(20, 6148)","(3, 1058916)","(2, 1058916)",256,44100,2,Fl,True,0.01576925485149899,0.005080795083622373,0.010688459767876617
0003,pop_falldead_duo_BsDr_theme1_stereo_Bs,pop,falldead,duo,theme1,stereo,Bs,"['Bs', 'Dr']",2,"(20, 5052)","(3, 870148)","(2, 870148)",256,44100,0,Dr,False,-0.024989648562983875,0.020611036048773238,-0.04560068461175711
0003,pop_falldead_duo_BsDr_theme1_stereo_Dr,pop,falldead,duo,theme1,stereo,Dr,"['Bs', 'Dr']",2,"(20, 5052)","(3, 870148)","(2, 870148)",256,44100,1,Dr,True,0.014693288300100277,0.0098730146190735,0.0048202736810267766
0003,pop_falldead_duo_GtVx_theme1_stereo_Gt,pop,falldead,duo,theme1,stereo,Gt,"['Gt', 'Vx']",2,"(20, 5052)","(3, 870148)","(2, 870148)",256,44100,0,Vx,False,0.007921972911300784,0.03327909208621099,-0.02535711917491021
0003,pop_falldead_duo_GtVx_theme1_stereo_Vx,pop,falldead,duo,theme1,stereo,Vx,"['Gt', 'Vx']",2,"(20, 5052)","(3, 870148)","(2, 870148)",256,44100,1,Gt,False,0.0026510587577823486,0.029618563866924772,-0.026967505109142424
0003,pop_falldead_trio_GtDrVx_theme1_stereo_Dr,pop,falldead,trio,theme1,stereo,Dr,"['Gt', 'Dr', 'Vx']",3,"(20, 5052)","(3, 870148)","(2, 870148)",256,44100,1,Dr,True,0.017581580874366714,-0.03869362713983166,0.05627520801419837
0003,pop_falldead_trio_GtDrVx_theme1_stereo_Gt,pop,falldead,trio,theme1,stereo,Gt,"['Gt', 'Dr', 'Vx']",3,"(20, 5052)","(3, 870148)","(2, 870148)",256,44100,0,Gt,True,0.022631705310918755,0.009859581719371027,0.012772123591547727
0003,pop_falldead_trio_GtDrVx_theme1_stereo_Vx,pop,falldead,trio,theme1,stereo,Vx,"['Gt', 'Dr', 'Vx']",3,"(20, 5052)","(3, 870148)","(2, 870148)",256,44100,2,Gt,False,-0.008868546596566955,0.04266329054123302,-0.05153183713779998
0003,pop_mixtape_duo_BsDr_theme1_stereo_Bs,pop,mixtape,duo,theme1,stereo,Bs,"['Bs', 'Dr']",2,"(20, 5124)","(3, 882516)","(2, 882516)",256,44100,0,Dr,False,0.0015048545085442526,0.026076549795762977,-0.024571695287218726
0003,pop_mixtape_duo_BsDr_theme1_stereo_Dr,pop,mixtape,duo,theme1,stereo,Dr,"['Bs', 'Dr']",2,"(20, 5124)","(3, 882516)","(2, 882516)",256,44100,1,Dr,True,0.031518700899194736,0.01972231080542326,0.011796390093771477
0003,pop_mixtape_duo_GtVx_theme1_stereo_Vx,pop,mixtape,duo,theme1,stereo,Vx,"['Gt', 'Vx']",2,"(20, 5124)","(3, 882516)","(2, 882516)",256,44100,1,Gt,False,0.06064784693549138,0.06763885967620085,-0.006991012740709478
0003,pop_mixtape_duo_GtVx_theme2_stereo_Gt,pop,mixtape,duo,theme2,stereo,Gt,"['Gt', 'Vx']",2,"(20, 6148)","(3, 1058916)","(2, 1058916)",256,44100,0,Gt,True,0.011955878681659529,-0.006690349457343193,0.01864622813900272
0003,pop_mixtape_trio_BsDrVx_theme1_stereo_Vx,pop,mixtape,trio,theme1,stereo,Vx,"['Bs', 'Dr', 'Vx']",3,"(20, 5124)","(3, 882516)","(2, 882516)",256,44100,2,Dr,False,0.031537026600803396,0.06217826426586476,-0.030641237665061362
0003,pop_mixtape_trio_GtDrVx_theme1_stereo_Gt,pop,mixtape,trio,theme1,stereo,Gt,"['Gt', 'Dr', 'Vx']",3,"(20, 5124)","(3, 882516)","(2, 882516)",256,44100,0,Dr,False,-0.005648721422313484,0.03150978902571197,-0.037158510448025456
0003,pop_mixtape_trio_GtDrVx_theme2_stereo_Dr,pop,mixtape,trio,theme2,stereo,Dr,"['Gt', 'Dr', 'Vx']",3,"(20, 6148)","(3, 1058916)","(2, 1058916)",256,44100,1,Gt,False,0.04477181457060092,0.08429214527701363,-0.03952033070641271
0004,classique_morceau1_duo_CoFl_theme1_stereo_Co,classique,morceau1,duo,theme1,stereo,Co,"['Co', 'Fl']",2,"(20, 7172)","(3, 1235312)","(2, 1235312)",256,44100,0,Fl,False,-0.0014332717436653594,0.03199118412119662,-0.03342445586486198
0004,classique_morceau1_duo_CoFl_theme1_stereo_Fl,classique,morceau1,duo,theme1,stereo,Fl,"['Co', 'Fl']",2,"(20, 7172)","(3, 1235312)","(2, 1235312)",256,44100,1,Fl,True,-0.00999968763734172,-0.07942984928538253,0.06943016164804082
0004,classique_morceau1_duo_CoOb_theme1_stereo_Co,classique,morceau1,duo,theme1,stereo,Co,"['Co', 'Ob']",2,"(20, 7172)","(3, 1235312)","(2, 1235312)",256,44100,0,Co,True,0.019188314200758158,-0.011360011014900908,0.030548325215659068
0004,classique_morceau1_duo_CoOb_theme2_stereo_Ob,classique,morceau1,duo,theme2,stereo,Ob,"['Co', 'Ob']",2,"(20, 6148)","(3, 1058916)","(2, 1058916)",256,44100,1,Co,False,-0.021407405973195976,-0.01764628578248081,-0.0037611201907151656
0004,classique_morceau1_duo_FlOb_theme1_stereo_Fl,classique,morceau1,duo,theme1,stereo,Fl,"['Fl', 'Ob']",2,"(20, 7172)","(3, 1235312)","(2, 1235312)",256,44100,0,Fl,True,0.06161731578516311,0.0494942095246065,0.012123106260556606
0004,classique_morceau1_duo_FlOb_theme2_stereo_Ob,classique,morceau1,duo,theme2,stereo,Ob,"['Fl', 'Ob']",2,"(20, 6148)","(3, 1058916)","(2, 1058916)",256,44100,1,Fl,False,0.011711025285867205,0.026956023735866235,-0.01524499844999903
0004,classique_morceau1_trio_CoFlOb_theme1_stereo_Co,classique,morceau1,trio,theme1,stereo,Co,"['Co', 'Fl', 'Ob']",3,"(20, 7172)","(3, 1235312)","(2, 1235312)",256,44100,0,Co,True,0.019901235663755953,0.0163698425433375,0.0035313931204184537
0004,classique_morceau1_trio_CoFlOb_theme1_stereo_Ob,classique,morceau1,trio,theme1,stereo,Ob,"['Co', 'Fl', 'Ob']",3,"(20, 7172)","(3, 1235312)","(2, 1235312)",256,44100,2,Ob,True,0.012149975943944026,-0.007884243247531439,0.020034219191475466
0004,classique_morceau1_trio_CoFlOb_theme2_stereo_Fl,classique,morceau1,trio,theme2,stereo,Fl,"['Co', 'Fl', 'Ob']",3,"(20, 6148)","(3, 1058916)","(2, 1058916)",256,44100,1,Co,False,-0.0047785356713478415,0.030924444815681046,-0.035702980487028885
0004,classique_morceau2_duo_BoFh_theme1_stereo_Fh,classique,morceau2,duo,theme1,stereo,Fh,"['Bo', 'Fh']",2,"(20, 6148)","(3, 1058916)","(2, 1058916)",256,44100,1,Bo,False,0.014150833619879899,0.015575355963405762,-0.0014245223435258633
0004,classique_morceau2_duo_BoFh_theme2_stereo_Bo,classique,morceau2,duo,theme2,stereo,Bo,"['Bo', 'Fh']",2,"(20, 6148)","(3, 1058916)","(2, 1058916)",256,44100,0,Fh,False,-0.037878867999648395,0.028255642871336223,-0.06613451087098463
0004,classique_morceau2_duo_BoFl_theme1_stereo_Fl,classique,morceau2,duo,theme1,stereo,Fl,"['Bo', 'Fl']",2,"(20, 6148)","(3, 1058916)","(2, 1058916)",256,44100,1,Fl,True,-0.010430970674040583,-0.018965244881796968,0.008534274207756385
0004,classique_morceau2_duo_BoFl_theme2_stereo_Bo,classique,morceau2,duo,theme2,stereo,Bo,"['Bo', 'Fl']",2,"(20, 6148)","(3, 1058916)","(2, 1058916)",256,44100,0,Bo,True,0.005378865112878911,-0.0002150613250284751,0.0055939264379073865
0004,classique_morceau2_duo_FhFl_theme2_stereo_Fh,classique,morceau2,duo,theme2,stereo,Fh,"['Fh', 'Fl']",2,"(20, 6148)","(3, 1058916)","(2, 1058916)",256,44100,0,Fl,False,0.011989915075185771,0.05885569933718141,-0.04686578426199564
0004,classique_morceau2_duo_FhFl_theme2_stereo_Fl,classique,morceau2,duo,theme2,stereo,Fl,"['Fh', 'Fl']",2,"(20, 6148)","(3, 1058916)","(2, 1058916)",256,44100,1,Fh,False,-0.04300993970566688,-0.017030826396969942,-0.02597911330869694
0004,classique_morceau2_trio_BoFhFl_theme1_stereo_Bo,classique,morceau2,trio,theme1,stereo,Bo,"['Bo', 'Fh', 'Fl']",3,"(20, 6148)","(3, 1058916)","(2, 1058916)",256,44100,0,Fl,False,-0.013555340504472156,0.0479403962733051,-0.061495736777777255
0004,classique_morceau2_trio_BoFhFl_theme1_stereo_Fh,classique,morceau2,trio,theme1,stereo,Fh,"['Bo', 'Fh', 'Fl']",3,"(20, 6148)","(3, 1058916)","(2, 1058916)",256,44100,1,Bo,False,-0.017345396416936432,0.008556222070519424,-0.025901618487455855
0004,classique_morceau2_trio_BoFhFl_theme2_stereo_Fl,classique,morceau2,trio,theme2,stereo,Fl,"['Bo', 'Fh', 'Fl']",3,"(20, 6148)","(3, 1058916)","(2, 1058916)",256,44100,2,Fl,True,0.03507477046364419,0.006423927595741479,0.02865084286790271
0004,pop_falldead_duo_BsDr_theme1_stereo_Bs,pop,falldead,duo,theme1,stereo,Bs,"['Bs', 'Dr']",2,"(20, 5052)","(3, 870148)","(2, 870148)",256,44100,0,Bs,True,0.028137257204104954,0.025578756602089494,0.00255850060201546
0004,pop_falldead_duo_BsDr_theme1_stereo_Dr,pop,falldead,duo,theme1,stereo,Dr,"['Bs', 'Dr']",2,"(20, 5052)","(3, 870148)","(2, 870148)",256,44100,1,Bs,False,-0.03268489467856967,-0.008530838572624686,-0.024154056105944986
0004,pop_falldead_duo_GtVx_theme1_stereo_Gt,pop,falldead,duo,theme1,stereo,Gt,"['Gt', 'Vx']",2,"(20, 5052)","(3, 870148)","(2, 870148)",256,44100,0,Gt,True,0.05748302823002355,0.02382145029576928,0.03366157793425427
0004,pop_falldead_duo_GtVx_theme1_stereo_Vx,pop,falldead,duo,theme1,stereo,Vx,"['Gt', 'Vx']",2,"(20, 5052)","(3, 870148)","(2, 870148)",256,44100,1,Gt,False,-0.09787055877484369,0.10541822864076271,-0.2032887874156064
0004,pop_falldead_trio_BsDrVx_theme1_stereo_Bs,pop,falldead,trio,theme1,stereo,Bs,"['Bs', 'Dr', 'Vx']",3,"(20, 5052)","(3, 870148)","(2, 870148)",256,44100,0,Dr,False,-0.02087688459978589,0.004721501620731718,-0.02559838622051761
0004,pop_falldead_trio_GtDrVx_theme1_stereo_Gt,pop,falldead,trio,theme1,stereo,Gt,"['Gt', 'Dr', 'Vx']",3,"(20, 5052)","(3, 870148)","(2, 870148)",256,44100,0,Dr,False,0.018005216108888878,0.040976284163716285,-0.022971068054827407
0004,pop_falldead_trio_GtDrVx_theme1_stereo_Vx,pop,falldead,trio,theme1,stereo,Vx,"['Gt', 'Dr', 'Vx']",3,"(20, 5052)","(3, 870148)","(2, 870148)",256,44100,2,Dr,False,-0.07344916150852672,0.023892444774114993,-0.09734160628264171
0004,pop_mixtape_duo_BsDr_theme1_stereo_Bs,pop,mixtape,duo,theme1,stereo,Bs,"['Bs', 'Dr']",2,"(20, 5124)","(3, 882516)","(2, 882516)",256,44100,0,Dr,False,-0.020445158229166992,0.02436095554037283,-0.04480611376953982
0004,pop_mixtape_duo_BsDr_theme2_stereo_Dr,pop,mixtape,duo,theme2,stereo,Dr,"['Bs', 'Dr']",2,"(20, 6148)","(3, 1058916)","(2, 1058916)",256,44100,1,Dr,True,0.051035430630853605,0.039755002899628536,0.01128042773122507
0004,pop_mixtape_duo_GtVx_theme1_stereo_Gt,pop,mixtape,duo,theme1,stereo,Gt,"['Gt', 'Vx']",2,"(20, 5124)","(3, 882516)","(2, 882516)",256,44100,0,Vx,False,-0.011765314119527104,0.009313650269478039,-0.021078964389005143
0004,pop_mixtape_duo_GtVx_theme1_stereo_Vx,pop,mixtape,duo,theme1,stereo,Vx,"['Gt', 'Vx']",2,"(20, 5124)","(3, 882516)","(2, 882516)",256,44100,1,Vx,True,0.07731279033424658,0.053301780929530695,0.024011009404715886
0004,pop_mixtape_trio_BsDrVx_theme2_stereo_Dr,pop,mixtape,trio,theme2,stereo,Dr,"['Bs', 'Dr', 'Vx']",3,"(20, 6148)","(3, 1058916)","(2, 1058916)",256,44100,1,Vx,False,0.007419905638600042,0.008350591066749556,-0.0009306854281495146
0004,pop_mixtape_trio_GtDrVx_theme1_stereo_Vx,pop,mixtape,trio,theme1,stereo,Vx,"['Gt', 'Dr', 'Vx']",3,"(20, 5124)","(3, 882516)","(2, 882516)",256,44100,2,Dr,False,0.007226881304441368,0.041857143415445684,-0.03463026211100432
0004,pop_mixtape_trio_GtDrVx_theme2_stereo_Dr,pop,mixtape,trio,theme2,stereo,Dr,"['Gt', 'Dr', 'Vx']",3,"(20, 6148)","(3, 1058916)","(2, 1058916)",256,44100,1,Gt,False,0.005568544862459862,0.044967182904681234,-0.03939863804222137
0005,classique_morceau1_duo_CoFl_theme1_stereo_Fl,classique,morceau1,duo,theme1,stereo,Fl,"['Co', 'Fl']",2,"(20, 7172)","(3, 1235312)","(2, 1235312)",256,44100,1,Co,False,-0.003190486712033864,0.030006906726966386,-0.03319739343900025
0005,classique_morceau1_duo_CoFl_theme2_stereo_Co,classique,morceau1,duo,theme2,stereo,Co,"['Co', 'Fl']",2,"(20, 6148)","(3, 1058916)","(2, 1058916)",256,44100,0,Fl,False,-0.008109745636879094,0.005469770143751894,-0.013579515780630987
0005,classique_morceau1_duo_CoOb_theme2_stereo_Co,classique,morceau1,duo,theme2,stereo,Co,"['Co', 'Ob']",2,"(20, 6148)","(3, 1058916)","(2, 1058916)",256,44100,0,Ob,False,0.002658735140374697,0.01621890770848004,-0.013560172568105343
0005,classique_morceau1_duo_CoOb_theme2_stereo_Ob,classique,morceau1,duo,theme2,stereo,Ob,"['Co', 'Ob']",2,"(20, 6148)","(3, 1058916)","(2, 1058916)",256,44100,1,Co,False,0.019346312448348547,0.028855853103606163,-0.009509540655257616
0005,classique_morceau1_duo_FlOb_theme1_stereo_Fl,classique,morceau1,duo,theme1,stereo,Fl,"['Fl', 'Ob']",2,"(20, 7172)","(3, 1235312)","(2, 1235312)",256,44100,0,Fl,True,-0.0040875772333801505,-0.009974028179628974,0.005886450946248824
0005,classique_morceau1_duo_FlOb_theme1_stereo_Ob,classique,morceau1,duo,theme1,stereo,Ob,"['Fl', 'Ob']",2,"(20, 7172)","(3, 1235312)","(2, 1235312)",256,44100,1,Fl,False,-0.03355397845029589,0.015282827055408461,-0.04883680550570435
0005,classique_morceau1_trio_CoFlOb_theme1_stereo_Fl,classique,morceau1,trio,theme1,stereo,Fl,"['Co', 'Fl', 'Ob']",3,"(20, 7172)","(3, 1235312)","(2, 1235312)",256,44100,1,Co,False,-0.016613355402019064,0.026870720110941295,-0.04348407551296036
0005,classique_morceau1_trio_CoFlOb_theme2_stereo_Co,classique,morceau1,trio,theme2,stereo,Co,"['Co', 'Fl', 'Ob']",3,"(20, 6148)","(3, 1058916)","(2, 1058916)",256,44100,0,Ob,False,-0.016821537612166416,0.025240933717507102,-0.042062471329673515
0005,classique_morceau1_trio_CoFlOb_theme2_stereo_Ob,classique,morceau1,trio,theme2,stereo,Ob,"['Co', 'Fl', 'Ob']",3,"(20, 6148)","(3, 1058916)","(2, 1058916)",256,44100,2,Co,False,-0.004547996356947674,0.018218493202701778,-0.022766489559649453
0005,classique_morceau2_duo_BoFh_theme1_stereo_Bo,classique,morceau2,duo,theme1,stereo,Bo,"['Bo', 'Fh']",2,"(20, 6148)","(3, 1058916)","(2, 1058916)",256,44100,0,Fh,False,0.0062680394490706405,0.008461907061805598,-0.0021938676127349578
0005,classique_morceau2_duo_BoFh_theme2_stereo_Fh,classique,morceau2,duo,theme2,stereo,Fh,"['Bo', 'Fh']",2,"(20, 6148)","(3, 1058916)","(2, 1058916)",256,44100,1,Fh,True,-0.0316142693263524,-0.042751225565844715,0.011136956239492318
0005,classique_morceau2_duo_BoFl_theme1_stereo_Bo,classique,morceau2,duo,theme1,stereo,Bo,"['Bo', 'Fl']",2,"(20, 6148)","(3, 1058916)","(2, 1058916)",256,44100,0,Bo,True,-0.011471890992834003,-0.02584297307230236,0.014371082079468358
0005,classique_morceau2_duo_BoFl_theme1_stereo_Fl,classique,morceau2,duo,theme1,stereo,Fl,"['Bo', 'Fl']",2,"(20, 6148)","(3, 1058916)","(2, 1058916)",256,44100,1,Bo,False,-0.020361157774853176,-0.005717779693944981,-0.014643378080908195
0005,classique_morceau2_duo_FhFl_theme1_stereo_Fh,classique,morceau2,duo,theme1,stereo,Fh,"['Fh', 'Fl']",2,"(20, 6148)","(3, 1058916)","(2, 1058916)",256,44100,0,Fl,False,-0.0025499096520705685,0.007413404552912115,-0.009963314204982683
0005,classique_morceau2_duo_FhFl_theme1_stereo_Fl,classique,morceau2,duo,theme1,stereo,Fl,"['Fh', 'Fl']",2,"(20, 6148)","(3, 1058916)","(2, 1058916)",256,44100,1,Fl,True,0.02362395143845653,0.017700889915136856,0.005923061523319673
0005,classique_morceau2_trio_BoFhFl_theme1_stereo_Bo,classique,morceau2,trio,theme1,stereo,Bo,"['Bo', 'Fh', 'Fl']",3,"(20, 6148)","(3, 1058916)","(2, 1058916)",256,44100,0,Fl,False,-0.015191320259188056,0.0063067568510146894,-0.021498077110202747
0005,classique_morceau2_trio_BoFhFl_theme1_stereo_Fh,classique,morceau2,trio,theme1,stereo,Fh,"['Bo', 'Fh', 'Fl']",3,"(20, 6148)","(3, 1058916)","(2, 1058916)",256,44100,1,Bo,False,-0.009180652555712607,0.018380766476170266,-0.027561419031882875
0005,classique_morceau2_trio_BoFhFl_theme2_stereo_Fl,classique,morceau2,trio,theme2,stereo,Fl,"['Bo', 'Fh', 'Fl']",3,"(20, 6148)","(3, 1058916)","(2, 1058916)",256,44100,2,Fl,True,0.016616224231070894,0.009053812622233237,0.007562411608837657
0005,pop_falldead_duo_BsDr_theme1_stereo_Bs,pop,falldead,duo,theme1,stereo,Bs,"['Bs', 'Dr']",2,"(20, 5052)","(3, 870148)","(2, 870148)",256,44100,0,Dr,False,0.011204149149739993,0.03132218156146175,-0.020118032411721755
0005,pop_falldead_duo_BsDr_theme1_stereo_Dr,pop,falldead,duo,theme1,stereo,Dr,"['Bs', 'Dr']",2,"(20, 5052)","(3, 870148)","(2, 870148)",256,44100,1,Dr,True,-0.0017141250048790257,-0.03642660590476506,0.03471248089988604
0005,pop_falldead_duo_GtVx_theme1_stereo_Gt,pop,falldead,duo,theme1,stereo,Gt,"['Gt', 'Vx']",2,"(20, 5052)","(3, 870148)","(2, 870148)",256,44100,0,Gt,True,0.012206297806418536,-0.011603341210238906,0.02380963901665744
0005,pop_falldead_duo_GtVx_theme1_stereo_Vx,pop,falldead,duo,theme1,stereo,Vx,"['Gt', 'Vx']",2,"(20, 5052)","(3, 870148)","(2, 870148)",256,44100,1,Gt,False,-0.02325409722074956,0.03035528417973171,-0.05360938140048127
0005,pop_falldead_trio_BsDrVx_theme1_stereo_Bs,pop,falldead,trio,theme1,stereo,Bs,"['Bs', 'Dr', 'Vx']",3,"(20, 5052)","(3, 870148)","(2, 870148)",256,44100,0,Bs,True,-0.0018157658392282969,-0.01799387238818335,0.016178106548955053
0005,pop_falldead_trio_GtDrVx_theme1_stereo_Gt,pop,falldead,trio,theme1,stereo,Gt,"['Gt', 'Dr', 'Vx']",3,"(20, 5052)","(3, 870148)","(2, 870148)",256,44100,0,Gt,True,0.05712927517938673,0.015356920573176702,0.041772354606210024
0005,pop_falldead_trio_GtDrVx_theme1_stereo_Vx,pop,falldead,trio,theme1,stereo,Vx,"['Gt', 'Dr', 'Vx']",3,"(20, 5052)","(3, 870148)","(2, 870148)",256,44100,2,Dr,False,0.0007958730177972159,0.002835827984305628,-0.002039954966508412
0005,pop_mixtape_duo_BsDr_theme2_stereo_Bs,pop,mixtape,duo,theme2,stereo,Bs,"['Bs', 'Dr']",2,"(20, 6148)","(3, 1058916)","(2, 1058916)",256,44100,0,Bs,True,-1.412621575438977e-05,-0.007694290732754059,0.007680164516999669
0005,pop_mixtape_duo_BsDr_theme2_stereo_Dr,pop,mixtape,duo,theme2,stereo,Dr,"['Bs', 'Dr']",2,"(20, 6148)","(3, 1058916)","(2, 1058916)",256,44100,1,Bs,False,0.006251420496193851,0.030958228832051234,-0.024706808335857384
0005,pop_mixtape_duo_GtVx_theme2_stereo_Gt,pop,mixtape,duo,theme2,stereo,Gt,"['Gt', 'Vx']",2,"(20, 6148)","(3, 1058916)","(2, 1058916)",256,44100,0,Vx,False,-0.03661770967036944,-0.00034482415402267594,-0.03627288551634676
0005,pop_mixtape_duo_GtVx_theme2_stereo_Vx,pop,mixtape,duo,theme2,stereo,Vx,"['Gt', 'Vx']",2,"(20, 6148)","(3, 1058916)","(2, 1058916)",256,44100,1,Gt,False,-0.03735381640769451,-0.018557312177397093,-0.018796504230297415
0005,pop_mixtape_trio_BsDrVx_theme1_stereo_Vx,pop,mixtape,trio,theme1,stereo,Vx,"['Bs', 'Dr', 'Vx']",3,"(20, 5124)","(3, 882516)","(2, 882516)",256,44100,2,Dr,False,0.038333767531162084,0.052283885731931684,-0.0139501182007696
0005,pop_mixtape_trio_BsDrVx_theme2_stereo_Bs,pop,mixtape,trio,theme2,stereo,Bs,"['Bs', 'Dr', 'Vx']",3,"(20, 6148)","(3, 1058916)","(2, 1058916)",256,44100,0,Dr,False,0.020843729239561255,0.05701582316341255,-0.03617209392385129
0005,pop_mixtape_trio_BsDrVx_theme2_stereo_Dr,pop,mixtape,trio,theme2,stereo,Dr,"['Bs', 'Dr', 'Vx']",3,"(20, 6148)","(3, 1058916)","(2, 1058916)",256,44100,1,Dr,True,0.018383647906424806,0.006269264421699322,0.012114383484725485
0007,classique_morceau1_duo_CoFl_theme2_stereo_Co,classique,morceau1,duo,theme2,stereo,Co,"['Co', 'Fl']",2,"(20, 6148)","(3, 1058916)","(2, 1058916)",256,44100,0,Co,True,0.05348138423507698,0.02204462115088379,0.03143676308419319
0007,classique_morceau1_duo_CoFl_theme2_stereo_Fl,classique,morceau1,duo,theme2,stereo,Fl,"['Co', 'Fl']",2,"(20, 6148)","(3, 1058916)","(2, 1058916)",256,44100,1,Co,False,-0.013990294417316725,0.024596548965215473,-0.038586843382532196
0007,classique_morceau1_duo_CoOb_theme1_stereo_Co,classique,morceau1,duo,theme1,stereo,Co,"['Co', 'Ob']",2,"(20, 7172)","(3, 1235312)","(2, 1235312)",256,44100,0,Ob,False,-0.018812720178365102,0.04785053179193024,-0.06666325197029534
0007,classique_morceau1_duo_CoOb_theme1_stereo_Ob,classique,morceau1,duo,theme1,stereo,Ob,"['Co', 'Ob']",2,"(20, 7172)","(3, 1235312)","(2, 1235312)",256,44100,1,Ob,True,0.05241589822043105,-0.03725089593744013,0.08966679415787118
0007,classique_morceau1_duo_FlOb_theme1_stereo_Fl,classique,morceau1,duo,theme1,stereo,Fl,"['Fl', 'Ob']",2,"(20, 7172)","(3, 1235312)","(2, 1235312)",256,44100,0,Ob,False,-0.028783375468174683,-0.01605220375444678,-0.012731171713727903
0007,classique_morceau1_duo_FlOb_theme1_stereo_Ob,classique,morceau1,duo,theme1,stereo,Ob,"['Fl', 'Ob']",2,"(20, 7172)","(3, 1235312)","(2, 1235312)",256,44100,1,Fl,False,0.006766507786761162,0.009739704561920292,-0.0029731967751591296
0007,classique_morceau1_trio_CoFlOb_theme1_stereo_Co,classique,morceau1,trio,theme1,stereo,Co,"['Co', 'Fl', 'Ob']",3,"(20, 7172)","(3, 1235312)","(2, 1235312)",256,44100,0,Ob,False,0.00432168891029653,0.009473183772867494,-0.005151494862570964
0007,classique_morceau1_trio_CoFlOb_theme1_stereo_Fl,classique,morceau1,trio,theme1,stereo,Fl,"['Co', 'Fl', 'Ob']",3,"(20, 7172)","(3, 1235312)","(2, 1235312)",256,44100,1,Ob,False,-0.03914859129757145,-0.011081574997591633,-0.02806701629997982
0007,classique_morceau1_trio_CoFlOb_theme1_stereo_Ob,classique,morceau1,trio,theme1,stereo,Ob,"['Co', 'Fl', 'Ob']",3,"(20, 7172)","(3, 1235312)","(2, 1235312)",256,44100,2,Ob,True,0.05350775803753708,0.04680766120874156,0.006700096828795521
0007,classique_morceau2_duo_BoFh_theme2_stereo_Bo,classique,morceau2,duo,theme2,stereo,Bo,"['Bo', 'Fh']",2,"(20, 6148)","(3, 1058916)","(2, 1058916)",256,44100,0,Fh,False,-0.004672906743642897,0.03670417226643672,-0.041377079010079615
0007,classique_morceau2_duo_BoFh_theme2_stereo_Fh,classique,morceau2,duo,theme2,stereo,Fh,"['Bo', 'Fh']",2,"(20, 6148)","(3, 1058916)","(2, 1058916)",256,44100,1,Fh,True,0.050938213409629694,0.02329466335684476,0.027643550052784936
0007,classique_morceau2_duo_BoFl_theme2_stereo_Fl,classique,morceau2,duo,theme2,stereo,Fl,"['Bo', 'Fl']",2,"(20, 6148)","(3, 1058916)","(2, 1058916)",256,44100,1,Bo,False,0.0075906137684801376,0.012534290855142051,-0.004943677086661913
0007,classique_morceau2_duo_FhFl_theme2_stereo_Fl,classique,morceau2,duo,theme2,stereo,Fl,"['Fh', 'Fl']",2,"(20, 6148)","(3, 1058916)","(2, 1058916)",256,44100,1,Fh,False,0.02295118174629167,0.0422608482270414,-0.019309666480749735
0007,classique_morceau2_trio_BoFhFl_theme1_stereo_Bo,classique,morceau2,trio,theme1,stereo,Bo,"['Bo', 'Fh', 'Fl']",3,"(20, 6148)","(3, 1058916)","(2, 1058916)",256,44100,0,Fh,False,-0.04278397161286296,-0.008596614375708826,-0.03418735723715413
0007,classique_morceau2_trio_BoFhFl_theme1_stereo_Fl,classique,morceau2,trio,theme1,stereo,Fl,"['Bo', 'Fh', 'Fl']",3,"(20, 6148)","(3, 1058916)","(2, 1058916)",256,44100,2,Bo,False,-0.01882831045029155,-0.004997718307846317,-0.013830592142445235
0007,pop_mixtape_duo_BsDr_theme1_stereo_Bs,pop,mixtape,duo,theme1,stereo,Bs,"['Bs', 'Dr']",2,"(20, 5124)","(3, 882516)","(2, 882516)",256,44100,0,Bs,True,0.003613710581507057,-0.00038444693961818007,0.003998157521125237
0007,pop_mixtape_duo_BsDr_theme1_stereo_Dr,pop,mixtape,duo,theme1,stereo,Dr,"['Bs', 'Dr']",2,"(20, 5124)","(3, 882516)","(2, 882516)",256,44100,1,Dr,True,0.0030761714931393353,-0.008244545159959392,0.011320716653098728
0007,pop_mixtape_duo_GtVx_theme1_stereo_Vx,pop,mixtape,duo,theme1,stereo,Vx,"['Gt', 'Vx']",2,"(20, 5124)","(3, 882516)","(2, 882516)",256,44100,1,Gt,False,0.004024207064793455,0.01844203606161181,-0.014417828996818358
0007,pop_mixtape_duo_GtVx_theme2_stereo_Gt,pop,mixtape,duo,theme2,stereo,Gt,"['Gt', 'Vx']",2,"(20, 6148)","(3, 1058916)","(2, 1058916)",256,44100,0,Gt,True,0.012666002255236489,0.0020368964102162267,0.010629105845020262
0007,pop_mixtape_trio_BsDrVx_theme2_stereo_Bs,pop,mixtape,trio,theme2,stereo,Bs,"['Bs', 'Dr', 'Vx']",3,"(20, 6148)","(3, 1058916)","(2, 1058916)",256,44100,0,Dr,False,-0.009347597005344488,0.017185517743230422,-0.02653311474857491
0007,pop_mixtape_trio_BsDrVx_theme2_stereo_Dr,pop,mixtape,trio,theme2,stereo,Dr,"['Bs', 'Dr', 'Vx']",3,"(20, 6148)","(3, 1058916)","(2, 1058916)",256,44100,1,Dr,True,0.008827565807794943,-0.0016824197129664837,0.010509985520761427
0007,pop_mixtape_trio_GtDrVx_theme2_stereo_Vx,pop,mixtape,trio,theme2,stereo,Vx,"['Gt', 'Dr', 'Vx']",3,"(20, 6148)","(3, 1058916)","(2, 1058916)",256,44100,2,Dr,False,0.016817385633529327,0.03271175747204158,-0.015894371838512254
0008,classique_morceau1_duo_CoFl_theme1_stereo_Co,classique,morceau1,duo,theme1,stereo,Co,"['Co', 'Fl']",2,"(20, 7172)","(3, 1235312)","(2, 1235312)",256,44100,0,Fl,False,0.035285281730084245,0.035370488604983236,-8.520687489899093e-05
0008,classique_morceau1_duo_CoFl_theme2_stereo_Fl,classique,morceau1,duo,theme2,stereo,Fl,"['Co', 'Fl']",2,"(20, 6148)","(3, 1058916)","(2, 1058916)",256,44100,1,Fl,True,0.010961540179185091,-0.04127082120990353,0.05223236138908862
0008,classique_morceau1_duo_CoOb_theme1_stereo_Co,classique,morceau1,duo,theme1,stereo,Co,"['Co', 'Ob']",2,"(20, 7172)","(3, 1235312)","(2, 1235312)",256,44100,0,Ob,False,-0.03526500163796991,0.03871410694074496,-0.07397910857871487
0008,classique_morceau1_duo_CoOb_theme2_stereo_Ob,classique,morceau1,duo,theme2,stereo,Ob,"['Co', 'Ob']",2,"(20, 6148)","(3, 1058916)","(2, 1058916)",256,44100,1,Ob,True,0.010534361948326456,0.0049595230615854915,0.005574838886740965
0008,classique_morceau1_duo_FlOb_theme2_stereo_Fl,classique,morceau1,duo,theme2,stereo,Fl,"['Fl', 'Ob']",2,"(20, 6148)","(3, 1058916)","(2, 1058916)",256,44100,0,Ob,False,0.01205616035866744,0.03900958342461166,-0.02695342306594422
0008,classique_morceau1_duo_FlOb_theme2_stereo_Ob,classique,morceau1,duo,theme2,stereo,Ob,"['Fl', 'Ob']",2,"(20, 6148)","(3, 1058916)","(2, 1058916)",256,44100,1,Fl,False,-0.011822957634781903,-0.003280574557978893,-0.008542383076803009
0008,classique_morceau1_trio_CoFlOb_theme1_stereo_Co,classique,morceau1,trio,theme1,stereo,Co,"['Co', 'Fl', 'Ob']",3,"(20, 7172)","(3, 1235312)","(2, 1235312)",256,44100,0,Ob,False,-0.020119753966843446,0.021284791031594474,-0.04140454499843792
0008,classique_morceau1_trio_CoFlOb_theme1_stereo_Ob,classique,morceau1,trio,theme1,stereo,Ob,"['Co', 'Fl', 'Ob']",3,"(20, 7172)","(3, 1235312)","(2, 1235312)",256,44100,2,Ob,True,0.016249893082337343,-0.0008716865136786633,0.017121579596016005
0008,classique_morceau1_trio_CoFlOb_theme2_stereo_Fl,classique,morceau1,trio,theme2,stereo,Fl,"['Co', 'Fl', 'Ob']",3,"(20, 6148)","(3, 1058916)","(2, 1058916)",256,44100,1,Co,False,0.013221277192487878,0.07463989717475344,-0.06141861998226557
0008,classique_morceau2_duo_BoFh_theme1_stereo_Bo,classique,morceau2,duo,theme1,stereo,Bo,"['Bo', 'Fh']",2,"(20, 6148)","(3, 1058916)","(2, 1058916)",256,44100,0,Bo,True,0.007191361103529866,-0.014245295029692942,0.02143665613322281
0008,classique_morceau2_duo_BoFh_theme1_stereo_Fh,classique,morceau2,duo,theme1,stereo,Fh,"['Bo', 'Fh']",2,"(20, 6148)","(3, 1058916)","(2, 1058916)",256,44100,1,Fh,True,0.020191533881657318,0.013458263615617971,0.006733270266039346
0008,classique_morceau2_duo_BoFl_theme1_stereo_Fl,classique,morceau2,duo,theme1,stereo,Fl,"['Bo', 'Fl']",2,"(20, 6148)","(3, 1058916)","(2, 1058916)",256,44100,1,Bo,False,-0.008453858064765354,0.009189821495896859,-0.017643679560662213
0008,classique_morceau2_duo_BoFl_theme2_stereo_Bo,classique,morceau2,duo,theme2,stereo,Bo,"['Bo', 'Fl']",2,"(20, 6148)","(3, 1058916)","(2, 1058916)",256,44100,0,Bo,True,0.02616897175345867,-0.030472814284632083,0.05664178603809075
0008,classique_morceau2_duo_FhFl_theme1_stereo_Fh,classique,morceau2,duo,theme1,stereo,Fh,"['Fh', 'Fl']",2,"(20, 6148)","(3, 1058916)","(2, 1058916)",256,44100,0,Fl,False,-0.03873017792341271,-0.02101070959389342,-0.017719468329519292
0008,classique_morceau2_duo_FhFl_theme1_stereo_Fl,classique,morceau2,duo,theme1,stereo,Fl,"['Fh', 'Fl']",2,"(20, 6148)","(3, 1058916)","(2, 1058916)",256,44100,1,Fl,True,-0.00038697483134717225,-0.027963000886599587,0.027576026055252414
0008,classique_morceau2_trio_BoFhFl_theme1_stereo_Fh,classique,morceau2,trio,theme1,stereo,Fh,"['Bo', 'Fh', 'Fl']",3,"(20, 6148)","(3, 1058916)","(2, 1058916)",256,44100,1,Bo,False,-0.07465637438541997,0.055873997349362235,-0.1305303717347822
0008,classique_morceau2_trio_BoFhFl_theme2_stereo_Bo,classique,morceau2,trio,theme2,stereo,Bo,"['Bo', 'Fh', 'Fl']",3,"(20, 6148)","(3, 1058916)","(2, 1058916)",256,44100,0,Bo,True,0.041262337347590584,0.008149096154852395,0.03311324119273819
0008,classique_morceau2_trio_BoFhFl_theme2_stereo_Fl,classique,morceau2,trio,theme2,stereo,Fl,"['Bo', 'Fh', 'Fl']",3,"(20, 6148)","(3, 1058916)","(2, 1058916)",256,44100,2,Fh,False,-0.04239096403397896,0.02174271284928614,-0.0641336768832651
0008,pop_falldead_duo_BsDr_theme1_stereo_Bs,pop,falldead,duo,theme1,stereo,Bs,"['Bs', 'Dr']",2,"(20, 5052)","(3, 870148)","(2, 870148)",256,44100,0,Bs,True,0.0047231618152282434,-0.026694457995133442,0.03141761981036169
0008,pop_falldead_duo_BsDr_theme1_stereo_Dr,pop,falldead,duo,theme1,stereo,Dr,"['Bs', 'Dr']",2,"(20, 5052)","(3, 870148)","(2, 870148)",256,44100,1,Dr,True,0.04280366219425332,-0.032921351228803436,0.07572501342305676
0008,pop_falldead_duo_GtVx_theme1_stereo_Gt,pop,falldead,duo,theme1,stereo,Gt,"['Gt', 'Vx']",2,"(20, 5052)","(3, 870148)","(2, 870148)",256,44100,0,Vx,False,-0.005830662563010322,0.07921158381430861,-0.08504224637731893
0008,pop_falldead_duo_GtVx_theme1_stereo_Vx,pop,falldead,duo,theme1,stereo,Vx,"['Gt', 'Vx']",2,"(20, 5052)","(3, 870148)","(2, 870148)",256,44100,1,Gt,False,0.007630218153932097,0.06355782455275114,-0.05592760639881904
0008,pop_falldead_trio_BsDrVx_theme1_stereo_Bs,pop,falldead,trio,theme1,stereo,Bs,"['Bs', 'Dr', 'Vx']",3,"(20, 5052)","(3, 870148)","(2, 870148)",256,44100,0,Vx,False,0.028284758158050077,0.03404484759072747,-0.005760089432677393
0008,pop_falldead_trio_BsDrVx_theme1_stereo_Dr,pop,falldead,trio,theme1,stereo,Dr,"['Bs', 'Dr', 'Vx']",3,"(20, 5052)","(3, 870148)","(2, 870148)",256,44100,1,Bs,False,0.0069836103046524095,0.04296478875475176,-0.03598117845009935
0008,pop_falldead_trio_BsDrVx_theme1_stereo_Vx,pop,falldead,trio,theme1,stereo,Vx,"['Bs', 'Dr', 'Vx']",3,"(20, 5052)","(3, 870148)","(2, 870148)",256,44100,2,Dr,False,-0.03584641005473724,0.030633136497214063,-0.0664795465519513
0008,pop_mixtape_duo_BsDr_theme1_stereo_Bs,pop,mixtape,duo,theme1,stereo,Bs,"['Bs', 'Dr']",2,"(20, 5124)","(3, 882516)","(2, 882516)",256,44100,0,Dr,False,-0.014880049048894742,0.0006882634227387725,-0.015568312471633514
0008,pop_mixtape_duo_BsDr_theme2_stereo_Dr,pop,mixtape,duo,theme2,stereo,Dr,"['Bs', 'Dr']",2,"(20, 6148)","(3, 1058916)","(2, 1058916)",256,44100,1,Dr,True,0.055308265031430166,0.040000705695097546,0.01530755933633262
0008,pop_mixtape_duo_GtVx_theme1_stereo_Gt,pop,mixtape,duo,theme1,stereo,Gt,"['Gt', 'Vx']",2,"(20, 5124)","(3, 882516)","(2, 882516)",256,44100,0,Gt,True,0.036888055385162655,0.02446836154919856,0.012419693835964096
0008,pop_mixtape_duo_GtVx_theme1_stereo_Vx,pop,mixtape,duo,theme1,stereo,Vx,"['Gt', 'Vx']",2,"(20, 5124)","(3, 882516)","(2, 882516)",256,44100,1,Gt,False,-0.018660272182290275,-0.008966163238982819,-0.009694108943307456
0008,pop_mixtape_trio_GtDrVx_theme1_stereo_Vx,pop,mixtape,trio,theme1,stereo,Vx,"['Gt', 'Dr', 'Vx']",3,"(20, 5124)","(3, 882516)","(2, 882516)",256,44100,2,Vx,True,-0.006112735302088747,-0.01091440572619353,0.004801670424104783
0008,pop_mixtape_trio_GtDrVx_theme2_stereo_Dr,pop,mixtape,trio,theme2,stereo,Dr,"['Gt', 'Dr', 'Vx']",3,"(20, 6148)","(3, 1058916)","(2, 1058916)",256,44100,1,Vx,False,-0.030187170684850162,0.016222452693957574,-0.04640962337880773
0008,pop_mixtape_trio_GtDrVx_theme2_stereo_Gt,pop,mixtape,trio,theme2,stereo,Gt,"['Gt', 'Dr', 'Vx']",3,"(20, 6148)","(3, 1058916)","(2, 1058916)",256,44100,0,Dr,False,-0.0037026959545181926,0.03034149492368206,-0.03404419087820025
0009,classique_morceau1_duo_CoFl_theme1_stereo_Co,classique,morceau1,duo,theme1,stereo,Co,"['Co', 'Fl']",2,"(20, 7172)","(3, 1235312)","(2, 1235312)",256,44100,0,Fl,False,-0.0064620568081009385,0.0009241548499755607,-0.007386211658076499
0009,classique_morceau1_duo_CoFl_theme1_stereo_Fl,classique,morceau1,duo,theme1,stereo,Fl,"['Co', 'Fl']",2,"(20, 7172)","(3, 1235312)","(2, 1235312)",256,44100,1,Fl,True,0.024071750131746547,0.0008029208269040323,0.023268829304842514
0009,classique_morceau1_duo_CoOb_theme1_stereo_Ob,classique,morceau1,duo,theme1,stereo,Ob,"['Co', 'Ob']",2,"(20, 7172)","(3, 1235312)","(2, 1235312)",256,44100,1,Co,False,-0.011727936248579407,0.04002254399833,-0.05175048024690941
0009,classique_morceau1_duo_CoOb_theme2_stereo_Co,classique,morceau1,duo,theme2,stereo,Co,"['Co', 'Ob']",2,"(20, 6148)","(3, 1058916)","(2, 1058916)",256,44100,0,Ob,False,0.005387636284199215,0.04344373054995546,-0.03805609426575625
0009,classique_morceau1_duo_FlOb_theme1_stereo_Ob,classique,morceau1,duo,theme1,stereo,Ob,"['Fl', 'Ob']",2,"(20, 7172)","(3, 1235312)","(2, 1235312)",256,44100,1,Ob,True,0.028572019936257503,-0.0010214520478605746,0.02959347198411808
0009,classique_morceau1_duo_FlOb_theme2_stereo_Fl,classique,morceau1,duo,theme2,stereo,Fl,"['Fl', 'Ob']",2,"(20, 6148)","(3, 1058916)","(2, 1058916)",256,44100,0,Fl,True,-0.01723801828523336,-0.04130920964596085,0.02407119136072749
0009,classique_morceau1_trio_CoFlOb_theme1_stereo_Co,classique,morceau1,trio,theme1,stereo,Co,"['Co', 'Fl', 'Ob']",3,"(20, 7172)","(3, 1235312)","(2, 1235312)",256,44100,0,Co,True,0.008477254068042391,0.00531643541497186,0.003160818653070531
0009,classique_morceau1_trio_CoFlOb_theme1_stereo_Fl,classique,morceau1,trio,theme1,stereo,Fl,"['Co', 'Fl', 'Ob']",3,"(20, 7172)","(3, 1235312)","(2, 1235312)",256,44100,1,Ob,False,0.007184586200773543,0.021802689319016532,-0.014618103118242989
0009,classique_morceau1_trio_CoFlOb_theme1_stereo_Ob,classique,morceau1,trio,theme1,stereo,Ob,"['Co', 'Fl', 'Ob']",3,"(20, 7172)","(3, 1235312)","(2, 1235312)",256,44100,2,Fl,False,0.0018562891320290178,0.05120451852073157,-0.04934822938870256
0009,classique_morceau2_duo_BoFh_theme2_stereo_Bo,classique,morceau2,duo,theme2,stereo,Bo,"['Bo', 'Fh']",2,"(20, 6148)","(3, 1058916)","(2, 1058916)",256,44100,0,Bo,True,0.019789490979646933,-0.00013183564702834438,0.019921326626675277
0009,classique_morceau2_duo_BoFh_theme2_stereo_Fh,classique,morceau2,duo,theme2,stereo,Fh,"['Bo', 'Fh']",2,"(20, 6148)","(3, 1058916)","(2, 1058916)",256,44100,1,Fh,True,0.0015141327933508187,-0.03274218746752309,0.034256320260873906
0009,classique_morceau2_duo_BoFl_theme1_stereo_Bo,classique,morceau2,duo,theme1,stereo,Bo,"['Bo', 'Fl']",2,"(20, 6148)","(3, 1058916)","(2, 1058916)",256,44100,0,Bo,True,0.03209902370196698,0.0010195675225578328,0.03107945617940915
0009,classique_morceau2_duo_BoFl_theme2_stereo_Fl,classique,morceau2,duo,theme2,stereo,Fl,"['Bo', 'Fl']",2,"(20, 6148)","(3, 1058916)","(2, 1058916)",256,44100,1,Fl,True,0.01616045574161316,-0.03646990256418773,0.05263035830580089
0009,classique_morceau2_duo_FhFl_theme2_stereo_Fh,classique,morceau2,duo,theme2,stereo,Fh,"['Fh', 'Fl']",2,"(20, 6148)","(3, 1058916)","(2, 1058916)",256,44100,0,Fh,True,0.06589060642483163,0.008222747211705303,0.05766785921312633
0009,classique_morceau2_duo_FhFl_theme2_stereo_Fl,classique,morceau2,duo,theme2,stereo,Fl,"['Fh', 'Fl']",2,"(20, 6148)","(3, 1058916)","(2, 1058916)",256,44100,1,Fh,False,0.013337666470212525,0.031179787250330566,-0.017842120780118043
0009,classique_morceau2_trio_BoFhFl_theme1_stereo_Bo,classique,morceau2,trio,theme1,stereo,Bo,"['Bo', 'Fh', 'Fl']",3,"(20, 6148)","(3, 1058916)","(2, 1058916)",256,44100,0,Fl,False,-0.05289717750348769,0.06635754978459488,-0.11925472728808256
0009,classique_morceau2_trio_BoFhFl_theme1_stereo_Fl,classique,morceau2,trio,theme1,stereo,Fl,"['Bo', 'Fh', 'Fl']",3,"(20, 6148)","(3, 1058916)","(2, 1058916)",256,44100,2,Fh,False,-0.00958438423905812,-0.00520727258515358,-0.00437711165390454
0009,classique_morceau2_trio_BoFhFl_theme2_stereo_Fh,classique,morceau2,trio,theme2,stereo,Fh,"['Bo', 'Fh', 'Fl']",3,"(20, 6148)","(3, 1058916)","(2, 1058916)",256,44100,1,Bo,False,0.028203848191857877,0.05314818214645206,-0.024944333954594184
0009,pop_falldead_duo_BsDr_theme1_stereo_Bs,pop,falldead,duo,theme1,stereo,Bs,"['Bs', 'Dr']",2,"(20, 5052)","(3, 870148)","(2, 870148)",256,44100,0,Dr,False,-0.027581921678832735,0.0056089209576122186,-0.03319084263644495
0009,pop_falldead_duo_BsDr_theme1_stereo_Dr,pop,falldead,duo,theme1,stereo,Dr,"['Bs', 'Dr']",2,"(20, 5052)","(3, 870148)","(2, 870148)",256,44100,1,Dr,True,0.02061310252250269,0.009656660167567504,0.010956442354935187
0009,pop_falldead_duo_GtVx_theme1_stereo_Gt,pop,falldead,duo,theme1,stereo,Gt,"['Gt', 'Vx']",2,"(20, 5052)","(3, 870148)","(2, 870148)",256,44100,0,Vx,False,-0.00672079585136002,0.051430249939562016,-0.058151045790922035
0009,pop_falldead_duo_GtVx_theme1_stereo_Vx,pop,falldead,duo,theme1,stereo,Vx,"['Gt', 'Vx']",2,"(20, 5052)","(3, 870148)","(2, 870148)",256,44100,1,Gt,False,-0.015246910520436377,0.01258420898165631,-0.027831119502092688
0009,pop_falldead_trio_BsDrVx_theme1_stereo_Vx,pop,falldead,trio,theme1,stereo,Vx,"['Bs', 'Dr', 'Vx']",3,"(20, 5052)","(3, 870148)","(2, 870148)",256,44100,2,Bs,False,-0.019229871751749006,0.01650199909094756,-0.035731870842696564
0009,pop_falldead_trio_GtDrVx_theme1_stereo_Dr,pop,falldead,trio,theme1,stereo,Dr,"['Gt', 'Dr', 'Vx']",3,"(20, 5052)","(3, 870148)","(2, 870148)",256,44100,1,Vx,False,0.014540392038761514,0.02208962929783213,-0.007549237259070616
0009,pop_falldead_trio_GtDrVx_theme1_stereo_Gt,pop,falldead,trio,theme1,stereo,Gt,"['Gt', 'Dr', 'Vx']",3,"(20, 5052)","(3, 870148)","(2, 870148)",256,44100,0,Dr,False,0.011054731975185755,0.030213577237553916,-0.019158845262368163
0009,pop_mixtape_duo_BsDr_theme2_stereo_Bs,pop,mixtape,duo,theme2,stereo,Bs,"['Bs', 'Dr']",2,"(20, 6148)","(3, 1058916)","(2, 1058916)",256,44100,0,Dr,False,0.03849149183084761,0.03894180560212468,-0.0004503137712770708
0009,pop_mixtape_duo_BsDr_theme2_stereo_Dr,pop,mixtape,duo,theme2,stereo,Dr,"['Bs', 'Dr']",2,"(20, 6148)","(3, 1058916)","(2, 1058916)",256,44100,1,Dr,True,0.09189510624106978,0.03845759489641797,0.05343751134465181
0009,pop_mixtape_duo_GtVx_theme1_stereo_Gt,pop,mixtape,duo,theme1,stereo,Gt,"['Gt', 'Vx']",2,"(20, 5124)","(3, 882516)","(2, 882516)",256,44100,0,Vx,False,-0.010120685905684124,-0.008070852674427186,-0.002049833231256938
0009,pop_mixtape_duo_GtVx_theme2_stereo_Vx,pop,mixtape,duo,theme2,stereo,Vx,"['Gt', 'Vx']",2,"(20, 6148)","(3, 1058916)","(2, 1058916)",256,44100,1,Gt,False,0.01776046556639135,0.029032576393362403,-0.011272110826971053
0009,pop_mixtape_trio_BsDrVx_theme2_stereo_Dr,pop,mixtape,trio,theme2,stereo,Dr,"['Bs', 'Dr', 'Vx']",3,"(20, 6148)","(3, 1058916)","(2, 1058916)",256,44100,1,Dr,True,0.04587948755384827,0.019223172811834017,0.026656314742014253
0009,pop_mixtape_trio_BsDrVx_theme2_stereo_Vx,pop,mixtape,trio,theme2,stereo,Vx,"['Bs', 'Dr', 'Vx']",3,"(20, 6148)","(3, 1058916)","(2, 1058916)",256,44100,2,Bs,False,-0.01722363149552441,0.025678773113056042,-0.042902404608580455
0009,pop_mixtape_trio_GtDrVx_theme2_stereo_Dr,pop,mixtape,trio,theme2,stereo,Dr,"['Gt', 'Dr', 'Vx']",3,"(20, 6148)","(3, 1058916)","(2, 1058916)",256,44100,1,Gt,False,-0.006709567912546451,0.039387577598919095,-0.04609714551146554
